Date,Price,Recession
1871.01,89.86,N
1871.02,88.37,N
1871.03,89.21,N
1871.04,95.20,N
1871.05,99.88,N
1871.06,100.62,N
1871.07,98.74,N
1871.08,101.59,N
1871.09,100.25,N
1871.1,93.61,N
1871.11,94.63,N
1871.12,94.49,N
1872.01,96.88,N
1872.02,97.28,N
1872.03,98.98,N
1872.04,99.52,N
1872.05,99.52,N
1872.06,99.28,N
1872.07,100.16,N
1872.08,98.25,N
1872.09,95.79,N
1872.1,98.33,N
1872.11,95.10,N
1872.12,98.84,N
1873.01,99.62,N
1873.02,98.23,N
1873.03,97.47,N
1873.04,96.13,N
1873.05,98.45,N
1873.06,100.02,N
1873.07,99.82,N
1873.08,99.82,N
1873.09,92.19,N
1873.1,86.11,Y
1873.11,85.69,Y
1873.12,91.55,Y
1874.01,95.04,Y
1874.02,97.89,Y
1874.03,96.46,Y
1874.04,95.28,Y
1874.05,93.52,Y
1874.06,95.36,Y
1874.07,94.59,Y
1874.08,95.57,Y
1874.09,97.07,Y
1874.1,98.44,Y
1874.11,100.13,Y
1874.12,99.47,Y
1875.01,99.47,Y
1875.02,99.26,Y
1875.03,100.57,Y
1875.04,101.05,Y
1875.05,99.59,Y
1875.06,99.25,Y
1875.07,99.48,Y
1875.08,99.08,Y
1875.09,99.02,Y
1875.1,97.44,Y
1875.11,99.88,Y
1875.12,100.75,Y
1876.01,103.72,Y
1876.02,105.12,Y
1876.03,104.89,Y
1876.04,101.82,Y
1876.05,101.67,Y
1876.06,103.80,Y
1876.07,102.55,Y
1876.08,97.38,Y
1876.09,90.58,Y
1876.1,88.45,Y
1876.11,85.99,Y
1876.12,83.99,Y
1877.01,81.84,Y
1877.02,79.06,Y
1877.03,78.55,Y
1877.04,70.86,Y
1877.05,69.59,Y
1877.06,68.28,Y
1877.07,70.62,Y
1877.08,78.51,Y
1877.09,84.22,Y
1877.1,86.03,Y
1877.11,86.43,Y
1877.12,86.16,Y
1878.01,88.83,Y
1878.02,87.82,Y
1878.03,91.38,Y
1878.04,94.93,Y
1878.05,98.39,Y
1878.06,102.73,Y
1878.07,103.67,Y
1878.08,101.63,Y
1878.09,103.69,Y
1878.1,103.67,Y
1878.11,104.54,Y
1878.12,106.36,Y
1879.01,109.10,Y
1879.02,111.77,Y
1879.03,111.23,Y
1879.04,116.22,N
1879.05,121.46,N
1879.06,123.52,N
1879.07,124.55,N
1879.08,125.47,N
1879.09,125.71,N
1879.1,132.00,N
1879.11,132.02,N
1879.12,127.88,N
1880.01,129.03,N
1880.02,131.30,N
1880.03,132.56,N
1880.04,134.64,N
1880.05,127.74,N
1880.06,130.92,N
1880.07,136.93,N
1880.08,141.85,N
1880.09,140.14,N
1880.1,144.19,N
1880.11,150.24,N
1880.12,154.83,N
1881.01,165.77,N
1881.02,163.58,N
1881.03,165.44,N
1881.04,163.27,N
1881.05,172.33,N
1881.06,174.45,N
1881.07,166.69,N
1881.08,159.59,N
1881.09,154.86,N
1881.1,150.97,N
1881.11,153.37,N
1881.12,148.91,N
1882.01,146.68,N
1882.02,142.13,N
1882.03,141.89,Y
1882.04,140.59,Y
1882.05,137.62,Y
1882.06,135.67,Y
1882.07,144.61,Y
1882.08,147.61,Y
1882.09,153.18,Y
1882.1,150.40,Y
1882.11,145.32,Y
1882.12,147.46,Y
1883.01,146.70,Y
1883.02,142.07,Y
1883.03,145.18,Y
1883.04,149.64,Y
1883.05,148.52,Y
1883.06,154.30,Y
1883.07,155.01,Y
1883.08,147.98,Y
1883.09,151.15,Y
1883.1,147.05,Y
1883.11,150.79,Y
1883.12,145.95,Y
1884.01,141.58,Y
1884.02,145.41,Y
1884.03,144.86,Y
1884.04,141.21,Y
1884.05,132.56,Y
1884.06,127.14,Y
1884.07,128.53,Y
1884.08,136.59,Y
1884.09,133.73,Y
1884.1,130.79,Y
1884.11,131.05,Y
1884.12,132.26,Y
1885.01,129.21,Y
1885.02,131.66,Y
1885.03,135.03,Y
1885.04,133.17,Y
1885.05,134.74,Y
1885.06,137.35,N
1885.07,140.77,N
1885.08,148.66,N
1885.09,148.53,N
1885.1,157.16,N
1885.11,165.38,N
1885.12,160.31,N
1886.01,164.12,N
1886.02,167.28,N
1886.03,165.78,N
1886.04,165.54,N
1886.05,166.36,N
1886.06,176.19,N
1886.07,176.64,N
1886.08,175.77,N
1886.09,180.35,N
1886.1,184.93,N
1886.11,189.51,N
1886.12,182.35,N
1887.01,176.12,N
1887.02,172.80,N
1887.03,176.85,Y
1887.04,180.91,Y
1887.05,184.03,Y
1887.06,180.85,Y
1887.07,178.56,Y
1887.08,172.01,Y
1887.09,171.85,Y
1887.1,164.12,Y
1887.11,165.31,Y
1887.12,160.60,Y
1888.01,159.98,Y
1888.02,160.90,Y
1888.03,154.81,Y
1888.04,157.22,Y
1888.05,161.26,N
1888.06,158.13,N
1888.07,160.32,N
1888.08,163.75,N
1888.09,167.81,N
1888.1,164.93,N
1888.11,159.68,N
1888.12,156.63,N
1889.01,165.38,N
1889.02,169.29,N
1889.03,167.80,N
1889.04,167.48,N
1889.05,176.31,N
1889.06,179.29,N
1889.07,175.64,N
1889.08,177.96,N
1889.09,180.02,N
1889.1,176.75,N
1889.11,175.11,N
1889.12,172.01,N
1890.01,178.29,N
1890.02,176.31,N
1890.03,174.98,N
1890.04,178.63,N
1890.05,183.95,N
1890.06,182.64,N
1890.07,181.33,Y
1890.08,170.75,Y
1890.09,165.93,Y
1890.1,158.45,Y
1890.11,150.45,Y
1890.12,146.93,Y
1891.01,156.49,Y
1891.02,156.52,Y
1891.03,151.81,Y
1891.04,155.02,Y
1891.05,156.23,Y
1891.06,156.81,N
1891.07,156.13,N
1891.08,161.36,N
1891.09,176.64,N
1891.1,176.64,N
1891.11,176.19,N
1891.12,181.56,N
1892.01,189.72,N
1892.02,190.06,N
1892.03,197.25,N
1892.04,199.56,N
1892.05,199.56,N
1892.06,198.48,N
1892.07,193.26,N
1892.08,193.50,N
1892.09,188.68,N
1892.1,192.47,N
1892.11,186.93,N
1892.12,182.60,N
1893.01,179.20,Y
1893.02,173.91,Y
1893.03,171.68,Y
1893.04,173.80,Y
1893.05,160.40,Y
1893.06,156.69,Y
1893.07,145.82,Y
1893.08,148.18,Y
1893.09,152.44,Y
1893.1,154.94,Y
1893.11,161.55,Y
1893.12,158.00,Y
1894.01,159.07,Y
1894.02,163.55,Y
1894.03,173.29,Y
1894.04,175.59,Y
1894.05,169.06,Y
1894.06,166.76,Y
1894.07,163.30,N
1894.08,164.67,N
1894.09,164.96,N
1894.1,164.38,N
1894.11,164.38,N
1894.12,165.22,N
1895.01,163.30,N
1895.02,160.99,N
1895.03,160.99,N
1895.04,160.91,N
1895.05,167.43,N
1895.06,168.39,N
1895.07,171.42,N
1895.08,176.38,N
1895.09,177.48,N
1895.1,174.91,N
1895.11,169.01,N
1895.12,161.31,Y
1896.01,161.72,Y
1896.02,170.98,Y
1896.03,168.29,Y
1896.04,172.33,Y
1896.05,174.11,Y
1896.06,173.53,Y
1896.07,162.29,Y
1896.08,153.05,Y
1896.09,161.08,Y
1896.1,159.85,Y
1896.11,165.89,Y
1896.12,159.83,Y
1897.01,164.53,Y
1897.02,162.97,Y
1897.03,163.36,Y
1897.04,160.66,Y
1897.05,163.89,Y
1897.06,171.53,Y
1897.07,179.16,N
1897.08,182.51,N
1897.09,185.96,N
1897.1,182.55,N
1897.11,176.12,N
1897.12,179.90,N
1898.01,184.83,N
1898.02,181.85,N
1898.03,173.64,N
1898.04,170.65,N
1898.05,169.89,N
1898.06,188.95,N
1898.07,192.40,N
1898.08,199.60,N
1898.09,199.22,N
1898.1,195.05,N
1898.11,201.49,N
1898.12,210.98,N
1899.01,227.03,N
1899.02,229.17,N
1899.03,232.43,N
1899.04,232.16,N
1899.05,222.49,N
1899.06,214.57,Y
1899.07,219.07,Y
1899.08,221.74,Y
1899.09,211.10,Y
1899.1,207.51,Y
1899.11,208.86,Y
1899.12,192.29,Y
1900.01,194.85,Y
1900.02,196.00,Y
1900.03,197.58,Y
1900.04,200.10,Y
1900.05,195.28,Y
1900.06,191.80,Y
1900.07,189.46,Y
1900.08,194.42,Y
1900.09,187.52,Y
1900.1,196.71,Y
1900.11,212.10,Y
1900.12,227.67,Y
1901.01,231.41,N
1901.02,240.27,N
1901.03,248.88,N
1901.04,273.18,N
1901.05,259.42,N
1901.06,285.26,N
1901.07,262.80,N
1901.08,263.16,N
1901.09,258.65,N
1901.1,255.74,N
1901.11,258.09,N
1901.12,250.92,N
1902.01,259.37,N
1902.02,261.61,N
1902.03,261.93,N
1902.04,267.65,N
1902.05,263.87,N
1902.06,259.26,N
1902.07,265.12,N
1902.08,275.41,N
1902.09,272.83,Y
1902.1,246.97,Y
1902.11,245.46,Y
1902.12,237.14,Y
1903.01,246.47,Y
1903.02,245.02,Y
1903.03,243.43,Y
1903.04,233.49,Y
1903.05,234.29,Y
1903.06,221.35,Y
1903.07,211.17,Y
1903.08,204.39,Y
1903.09,197.16,Y
1903.1,192.98,Y
1903.11,195.88,Y
1903.12,204.92,Y
1904.01,203.56,Y
1904.02,193.63,Y
1904.03,195.22,Y
1904.04,202.34,Y
1904.05,202.74,Y
1904.06,203.05,Y
1904.07,211.47,Y
1904.08,216.10,Y
1904.09,223.07,N
1904.1,236.17,N
1904.11,243.38,N
1904.12,245.76,N
1905.01,251.12,N
1905.02,262.14,N
1905.03,272.65,N
1905.04,269.34,N
1905.05,259.03,N
1905.06,262.07,N
1905.07,270.30,N
1905.08,277.17,N
1905.09,281.27,N
1905.1,285.23,N
1905.11,280.48,N
1905.12,284.19,N
1906.01,294.02,N
1906.02,291.93,N
1906.03,284.78,N
1906.04,280.91,N
1906.05,270.42,N
1906.06,273.96,N
1906.07,276.09,N
1906.08,289.85,N
1906.09,295.46,N
1906.1,280.39,N
1906.11,283.08,N
1906.12,277.53,N
1907.01,272.53,N
1907.02,258.42,N
1907.03,235.51,N
1907.04,236.63,N
1907.05,223.70,Y
1907.06,214.28,Y
1907.07,222.48,Y
1907.08,205.81,Y
1907.09,203.62,Y
1907.1,179.63,Y
1907.11,176.28,Y
1907.12,189.33,Y
1908.01,199.57,Y
1908.02,194.42,Y
1908.03,202.38,Y
1908.04,210.93,Y
1908.05,222.29,Y
1908.06,222.58,Y
1908.07,228.23,N
1908.08,238.03,N
1908.09,235.44,N
1908.1,235.76,N
1908.11,249.04,N
1908.12,252.00,N
1909.01,255.53,N
1909.02,245.59,N
1909.03,248.93,N
1909.04,254.74,N
1909.05,260.52,N
1909.06,262.44,N
1909.07,266.19,N
1909.08,269.89,N
1909.09,267.48,N
1909.1,263.32,N
1909.11,259.51,N
1909.12,260.07,N
1910.01,256.96,Y
1910.02,247.79,Y
1910.03,249.11,Y
1910.04,240.84,Y
1910.05,241.39,Y
1910.06,231.98,Y
1910.07,220.25,Y
1910.08,227.80,Y
1910.09,231.59,Y
1910.1,249.59,Y
1910.11,254.46,Y
1910.12,247.36,Y
1911.01,253.37,Y
1911.02,265.97,Y
1911.03,260.10,Y
1911.04,267.43,Y
1911.05,273.19,Y
1911.06,278.66,Y
1911.07,274.53,Y
1911.08,253.25,Y
1911.09,236.97,Y
1911.1,238.34,Y
1911.11,250.48,Y
1911.12,254.24,Y
1912.01,251.86,Y
1912.02,247.08,N
1912.03,249.05,N
1912.04,249.27,N
1912.05,249.01,N
1912.06,251.47,N
1912.07,251.73,N
1912.08,254.98,N
1912.09,253.80,N
1912.1,253.28,N
1912.11,250.45,N
1912.12,243.81,N
1913.01,239.38,Y
1913.02,230.89,Y
1913.03,226.51,Y
1913.04,226.25,Y
1913.05,222.34,Y
1913.06,209.01,Y
1913.07,209.70,Y
1913.08,215.31,Y
1913.09,215.17,Y
1913.1,208.36,Y
1913.11,201.05,Y
1913.12,202.81,Y
1914.01,211.13,Y
1914.02,216.07,Y
1914.03,211.99,Y
1914.04,209.01,Y
1914.05,208.17,Y
1914.06,207.15,Y
1914.07,193.73,Y
1914.08,189.93,Y
1914.09,189.93,Y
1914.1,191.81,Y
1914.11,189.93,Y
1914.12,183.57,Y
1915.01,186.82,N
1915.02,186.16,N
1915.03,192.88,N
1915.04,205.33,N
1915.05,198.55,N
1915.06,200.80,N
1915.07,200.05,N
1915.08,208.54,N
1915.09,216.29,N
1915.1,226.04,N
1915.11,231.68,N
1915.12,232.17,N
1916.01,226.30,N
1916.02,223.15,N
1916.03,220.30,N
1916.04,215.84,N
1916.05,218.54,N
1916.06,218.62,N
1916.07,215.58,N
1916.08,215.22,N
1916.09,219.98,N
1916.1,222.78,N
1916.11,223.96,N
1916.12,213.11,N
1917.01,206.33,N
1917.02,189.82,N
1917.03,195.70,N
1917.04,183.58,N
1917.05,174.60,N
1917.06,175.41,N
1917.07,173.23,N
1917.08,165.52,N
1917.09,154.01,N
1917.1,143.50,N
1917.11,131.54,N
1917.12,125.20,N
1918.01,129.91,N
1918.02,132.92,N
1918.03,131.17,N
1918.04,128.08,N
1918.05,129.43,N
1918.06,127.84,N
1918.07,125.46,N
1918.08,124.16,Y
1918.09,121.14,Y
1918.1,123.92,Y
1918.11,124.73,Y
1918.12,120.77,Y
1919.01,120.01,Y
1919.02,122.70,Y
1919.03,124.90,Y
1919.04,126.73,N
1919.05,133.89,N
1919.06,137.47,N
1919.07,137.87,N
1919.08,126.41,N
1919.09,127.68,N
1919.1,131.98,N
1919.11,125.31,N
1919.12,119.05,N
1920.01,115.41,Y
1920.02,104.78,Y
1920.03,111.02,Y
1920.04,106.86,Y
1920.05,98.70,Y
1920.06,95.59,Y
1920.07,95.93,Y
1920.08,94.44,Y
1920.09,99.26,Y
1920.1,99.89,Y
1920.11,95.29,Y
1920.12,88.55,Y
1921.01,94.39,Y
1921.02,96.79,Y
1921.03,94.84,Y
1921.04,96.30,Y
1921.05,101.47,Y
1921.06,93.88,Y
1921.07,93.06,Y
1921.08,91.92,N
1921.09,95.28,N
1921.1,96.58,N
1921.11,102.35,N
1921.12,106.59,N
1922.01,108.96,N
1922.02,111.35,N
1922.03,116.91,N
1922.04,124.01,N
1922.05,128.84,N
1922.06,127.64,N
1922.07,127.78,N
1922.08,134.18,N
1922.09,137.67,N
1922.1,139.87,N
1922.11,132.13,N
1922.12,131.05,N
1923.01,133.63,N
1923.02,139.34,N
1923.03,141.59,N
1923.04,135.83,N
1923.05,129.41,Y
1923.06,123.75,Y
1923.07,118.21,Y
1923.08,119.49,Y
1923.09,119.53,Y
1923.1,117.09,Y
1923.11,120.58,Y
1923.12,124.67,Y
1924.01,128.75,Y
1924.02,130.09,Y
1924.03,128.34,Y
1924.04,126.13,Y
1924.05,125.68,Y
1924.06,128.05,Y
1924.07,133.21,Y
1924.08,138.59,N
1924.09,136.45,N
1924.1,133.90,N
1924.11,141.38,N
1924.12,148.14,N
1925.01,154.27,N
1925.02,156.48,N
1925.03,151.50,N
1925.04,150.76,N
1925.05,154.70,N
1925.06,155.67,N
1925.07,158.19,N
1925.08,160.33,N
1925.09,164.03,N
1925.1,169.45,N
1925.11,171.81,N
1925.12,175.59,N
1926.01,178.27,N
1926.02,178.55,N
1926.03,167.36,N
1926.04,161.78,N
1926.05,163.82,N
1926.06,172.59,N
1926.07,181.91,N
1926.08,190.20,N
1926.09,192.00,N
1926.1,186.61,Y
1926.11,187.98,Y
1926.12,192.25,Y
1927.01,193.15,Y
1927.02,198.03,Y
1927.03,202.24,Y
1927.04,207.20,Y
1927.05,213.11,Y
1927.06,213.41,Y
1927.07,221.92,Y
1927.08,235.09,Y
1927.09,247.00,Y
1927.1,241.81,Y
1927.11,248.75,Y
1927.12,254.58,N
1928.01,255.60,N
1928.02,255.50,N
1928.03,269.22,N
1928.04,286.18,N
1928.05,293.32,N
1928.06,280.57,N
1928.07,282.64,N
1928.08,291.79,N
1928.09,308.68,N
1928.1,316.78,N
1928.11,338.19,N
1928.12,341.50,N
1929.01,366.72,N
1929.02,368.64,N
1929.03,377.34,N
1929.04,377.33,N
1929.05,380.75,N
1929.06,385.75,N
1929.07,415.27,N
1929.08,438.89,Y
1929.09,456.38,Y
1929.1,408.12,Y
1929.11,300.08,Y
1929.12,313.85,Y
1930.01,320.26,Y
1930.02,342.32,Y
1930.03,357.33,Y
1930.04,377.78,Y
1930.05,357.33,Y
1930.06,323.12,Y
1930.07,320.02,Y
1930.08,317.84,Y
1930.09,315.77,Y
1930.1,273.96,Y
1930.11,255.63,Y
1930.12,243.01,Y
1931.01,253.52,Y
1931.02,276.35,Y
1931.03,283.46,Y
1931.04,258.11,Y
1931.05,236.26,Y
1931.06,231.70,Y
1931.07,239.39,Y
1931.08,232.20,Y
1931.09,198.94,Y
1931.1,173.53,Y
1931.11,178.29,Y
1931.12,145.82,Y
1932.01,146.41,Y
1932.02,147.24,Y
1932.03,148.83,Y
1932.04,113.97,N
1932.05,101.45,N
1932.06,88.47,N
1932.07,92.92,N
1932.08,140.70,N
1932.09,155.49,N
1932.1,135.04,N
1932.11,134.72,N
1932.12,131.32,N
1933.01,138.64,N
1933.02,124.14,N
1933.03,124.72,N
1933.04,137.94,N
1933.05,177.58,N
1933.06,206.37,N
1933.07,216.24,N
1933.08,203.90,N
1933.09,202.18,N
1933.1,182.50,N
1933.11,186.90,N
1933.12,190.53,N
1934.01,201.42,N
1934.02,214.70,N
1934.03,203.70,N
1934.04,207.11,N
1934.05,186.06,N
1934.06,187.12,N
1934.07,178.27,N
1934.08,171.30,N
1934.09,164.71,N
1934.1,167.23,N
1934.11,171.90,N
1934.12,174.32,N
1935.01,171.75,N
1935.02,165.34,N
1935.03,154.85,N
1935.04,165.24,N
1935.05,178.22,N
1935.06,186.33,N
1935.07,196.09,N
1935.08,209.35,N
1935.09,213.77,N
1935.1,219.48,N
1935.11,238.36,N
1935.12,238.36,N
1936.01,251.52,N
1936.02,265.96,N
1936.03,273.61,N
1936.04,273.98,N
1936.05,259.43,N
1936.06,268.52,N
1936.07,282.38,N
1936.08,285.94,N
1936.09,289.19,N
1936.1,304.32,N
1936.11,312.79,N
1936.12,307.39,N
1937.01,314.69,N
1937.02,323.99,N
1937.03,321.35,N
1937.04,300.06,N
1937.05,284.66,Y
1937.06,273.97,Y
1937.07,288.26,Y
1937.08,291.22,Y
1937.09,248.28,Y
1937.1,212.17,Y
1937.11,194.84,Y
1937.12,193.04,Y
1938.01,200.91,Y
1938.02,197.51,Y
1938.03,184.45,Y
1938.04,175.69,Y
1938.05,178.54,Y
1938.06,182.66,Y
1938.07,218.98,N
1938.08,220.23,N
1938.09,210.21,N
1938.1,235.31,N
1938.11,235.49,N
1938.12,228.65,N
1939.01,225.22,N
1939.02,225.03,N
1939.03,224.85,N
1939.04,197.96,N
1939.05,205.27,N
1939.06,208.93,N
1939.07,214.05,N
1939.08,210.94,N
1939.09,228.46,N
1939.1,232.43,N
1939.11,228.29,N
1939.12,222.88,N
1940.01,223.21,N
1940.02,220.18,N
1940.03,218.92,N
1940.04,221.08,N
1940.05,190.63,N
1940.06,173.00,N
1940.07,180.00,N
1940.08,183.78,N
1940.09,191.53,N
1940.1,193.33,N
1940.11,197.84,N
1940.12,188.38,N
1941.01,188.74,N
1941.02,176.93,N
1941.03,176.75,N
1941.04,170.05,N
1941.05,165.19,N
1941.06,167.48,N
1941.07,176.06,N
1941.08,172.85,N
1941.09,171.06,N
1941.1,162.07,N
1941.11,153.48,N
1941.12,142.56,N
1942.01,143.48,N
1942.02,138.10,N
1942.03,128.96,N
1942.04,122.84,N
1942.05,122.72,N
1942.06,128.91,N
1942.07,132.89,N
1942.08,131.32,N
1942.09,132.70,N
1942.1,140.78,N
1942.11,142.19,N
1942.12,142.10,N
1943.01,150.60,N
1943.02,159.56,N
1943.03,162.35,N
1943.04,165.85,N
1943.05,171.39,N
1943.06,174.41,N
1943.07,179.04,N
1943.08,171.18,N
1943.09,173.82,N
1943.1,172.23,N
1943.11,164.25,N
1943.12,166.43,N
1944.01,171.79,N
1944.02,170.63,N
1944.03,175.42,N
1944.04,171.39,N
1944.05,174.41,N
1944.06,181.59,N
1944.07,185.27,N
1944.08,182.56,N
1944.09,179.57,N
1944.1,183.99,N
1944.11,182.70,N
1944.12,185.65,N
1945.01,191.17,N
1945.02,197.55,Y
1945.03,197.41,Y
1945.04,202.37,Y
1945.05,208.85,Y
1945.06,210.30,Y
1945.07,205.98,Y
1945.08,206.68,Y
1945.09,220.75,Y
1945.1,229.95,Y
1945.11,237.48,N
1945.12,240.19,N
1946.01,249.76,N
1946.02,251.83,N
1946.03,241.64,N
1946.04,255.82,N
1946.05,254.98,N
1946.06,250.63,N
1946.07,229.96,N
1946.08,221.03,N
1946.09,186.59,N
1946.1,178.88,N
1946.11,173.97,N
1946.12,177.51,N
1947.01,178.45,N
1947.02,185.38,N
1947.03,174.62,N
1947.04,168.17,N
1947.05,165.17,N
1947.06,170.15,N
1947.07,179.19,N
1947.08,173.32,N
1947.09,165.17,N
1947.1,169.45,N
1947.11,166.75,N
1947.12,162.02,N
1948.01,157.84,N
1948.02,151.35,N
1948.03,154.15,N
1948.04,163.22,N
1948.05,170.45,N
1948.06,176.05,N
1948.07,169.75,N
1948.08,164.12,N
1948.09,162.26,N
1948.1,167.37,N
1948.11,159.38,Y
1948.12,158.99,Y
1949.01,161.44,Y
1949.02,156.54,Y
1949.03,158.03,Y
1949.04,157.16,Y
1949.05,156.65,Y
1949.06,147.45,Y
1949.07,157.10,Y
1949.08,162.06,Y
1949.09,163.49,Y
1949.1,169.13,Y
1949.11,170.75,N
1949.12,176.79,N
1950.01,181.19,N
1950.02,184.73,N
1950.03,185.45,N
1950.04,190.68,N
1950.05,196.27,N
1950.06,198.62,N
1950.07,181.91,N
1950.08,191.32,N
1950.09,197.25,N
1950.1,203.75,N
1950.11,202.52,N
1950.12,199.28,N
1951.01,210.64,N
1951.02,215.93,N
1951.03,211.48,N
1951.04,214.32,N
1951.05,213.59,N
1951.06,209.88,N
1951.07,213.59,N
1951.08,222.94,N
1951.09,226.93,N
1951.1,224.91,N
1951.11,216.99,N
1951.12,222.84,N
1952.01,230.26,N
1952.02,227.79,N
1952.03,228.37,N
1952.04,226.83,N
1952.05,226.74,N
1952.06,232.07,N
1952.07,236.95,N
1952.08,237.89,N
1952.09,234.11,N
1952.1,229.20,N
1952.11,236.47,N
1952.12,246.02,N
1953.01,248.27,N
1953.02,246.16,N
1953.03,246.47,N
1953.04,234.33,N
1953.05,234.68,N
1953.06,225.43,N
1953.07,228.63,Y
1953.08,228.71,Y
1953.09,218.21,Y
1953.1,223.94,Y
1953.11,229.75,Y
1953.12,232.84,Y
1954.01,238.75,Y
1954.02,244.00,Y
1954.03,249.16,Y
1954.04,260.06,Y
1954.05,269.41,Y
1954.06,271.57,N
1954.07,282.54,N
1954.08,288.17,N
1954.09,296.02,N
1954.1,302.89,N
1954.11,314.75,N
1954.12,330.38,N
1955.01,336.33,N
1955.02,347.58,N
1955.03,344.84,N
1955.04,356.74,N
1955.05,355.23,N
1955.06,375.83,N
1955.07,401.81,N
1955.08,399.37,N
1955.09,415.79,N
1955.1,394.88,N
1955.11,421.51,N
1955.12,427.04,N
1956.01,415.56,N
1956.02,418.19,N
1956.03,446.99,N
1956.04,450.58,N
1956.05,434.81,N
1956.06,429.10,N
1956.07,449.08,N
1956.08,448.05,N
1956.09,431.22,N
1956.1,424.15,N
1956.11,419.75,N
1956.12,424.44,N
1957.01,415.21,N
1957.02,395.86,N
1957.03,399.52,N
1957.04,407.31,N
1957.05,421.44,N
1957.06,426.85,N
1957.07,432.39,N
1957.08,408.59,Y
1957.09,392.01,Y
1957.1,367.59,Y
1957.11,358.39,Y
1957.12,358.21,Y
1958.01,362.68,Y
1958.02,363.91,Y
1958.03,368.83,Y
1958.04,369.56,Y
1958.05,381.43,N
1958.06,390.60,N
1958.07,399.95,N
1958.08,416.35,N
1958.09,427.34,N
1958.1,444.71,N
1958.11,456.66,N
1958.12,466.88,N
1959.01,483.80,N
1959.02,478.05,N
1959.03,490.19,N
1959.04,496.67,N
1959.05,504.15,N
1959.06,498.09,N
1959.07,516.08,N
1959.08,513.14,N
1959.09,491.16,N
1959.1,489.06,N
1959.11,491.03,N
1959.12,506.73,N
1960.01,499.59,N
1960.02,478.59,N
1960.03,472.07,N
1960.04,476.54,Y
1960.05,472.18,Y
1960.06,487.97,Y
1960.07,475.87,Y
1960.08,481.58,Y
1960.09,467.09,Y
1960.1,454.81,Y
1960.11,469.54,Y
1960.12,480.80,Y
1961.01,505.52,Y
1961.02,526.26,Y
1961.03,542.76,N
1961.04,557.24,N
1961.05,562.91,N
1961.06,555.46,N
1961.07,550.24,N
1961.08,571.91,N
1961.09,565.55,N
1961.1,571.77,N
1961.11,597.67,N
1961.12,603.22,N
1962.01,580.77,N
1962.02,588.47,N
1962.03,589.06,N
1962.04,568.40,N
1962.05,526.14,N
1962.06,464.66,N
1962.07,474.28,N
1962.08,487.19,N
1962.09,481.27,N
1962.1,466.08,N
1962.11,498.20,N
1962.12,519.77,N
1963.01,539.85,N
1963.02,546.99,N
1963.03,543.13,N
1963.04,568.68,N
1963.05,580.09,N
1963.06,577.95,N
1963.07,567.52,N
1963.08,583.22,N
1963.09,598.58,N
1963.1,598.11,N
1963.11,594.76,N
1963.12,605.48,N
1964.01,624.10,N
1964.02,631.77,N
1964.03,643.28,N
1964.04,652.59,N
1964.05,658.95,N
1964.06,652.92,N
1964.07,674.99,N
1964.08,667.24,N
1964.09,676.54,N
1964.1,688.22,N
1964.11,690.78,N
1964.12,678.81,N
1965.01,696.28,N
1965.02,701.37,N
1965.03,699.77,N
1965.04,706.70,N
1965.05,717.23,N
1965.06,678.84,N
1965.07,677.80,N
1965.08,690.42,N
1965.09,713.49,N
1965.1,727.23,N
1965.11,733.28,N
1965.12,727.64,N
1966.01,740.25,N
1966.02,730.66,N
1966.03,698.44,N
1966.04,715.36,N
1966.05,677.72,N
1966.06,670.02,N
1966.07,666.25,N
1966.08,622.14,N
1966.09,600.23,N
1966.1,591.37,N
1966.11,620.97,N
1966.12,623.57,N
1967.01,647.50,N
1967.02,669.81,N
1967.03,683.52,N
1967.04,693.19,N
1967.05,703.49,N
1967.06,692.59,N
1967.07,702.45,N
1967.08,711.50,N
1967.09,719.29,N
1967.1,716.03,N
1967.11,691.53,N
1967.12,709.13,N
1968.01,703.05,N
1968.02,669.35,N
1968.03,655.19,N
1968.04,701.54,N
1968.05,715.59,N
1968.06,730.58,N
1968.07,724.95,N
1968.08,707.10,N
1968.09,728.01,N
1968.1,741.75,N
1968.11,751.05,N
1968.12,756.75,N
1969.01,722.74,N
1969.02,715.18,N
1969.03,693.86,N
1969.04,703.94,N
1969.05,724.88,N
1969.06,683.28,N
1969.07,649.20,N
1969.08,642.08,N
1969.09,642.59,N
1969.1,645.98,N
1969.11,647.18,N
1969.12,609.62,Y
1970.01,602.67,Y
1970.02,578.58,Y
1970.03,585.39,Y
1970.04,563.14,Y
1970.05,497.05,Y
1970.06,491.43,Y
1970.07,489.76,Y
1970.08,503.98,Y
1970.09,531.40,Y
1970.1,540.16,Y
1970.11,536.86,Y
1970.12,570.73,N
1971.01,592.54,N
1971.02,613.94,N
1971.03,628.10,N
1971.04,647.93,N
1971.05,635.95,N
1971.06,619.57,N
1971.07,613.58,N
1971.08,601.20,N
1971.09,614.55,N
1971.1,600.04,N
1971.11,572.22,N
1971.12,608.66,N
1972.01,634.00,N
1972.02,642.54,N
1972.03,656.22,N
1972.04,661.32,N
1972.05,653.06,N
1972.06,653.31,N
1972.07,645.38,N
1972.08,666.66,N
1972.09,655.49,N
1972.1,653.59,N
1972.11,684.77,N
1972.12,697.40,N
1973.01,701.09,N
1973.02,671.49,N
1973.03,654.80,N
1973.04,638.15,N
1973.05,615.98,N
1973.06,598.10,N
1973.07,602.44,N
1973.08,580.57,N
1973.09,589.33,N
1973.1,607.39,N
1973.11,560.56,Y
1973.12,517.50,Y
1974.01,520.25,Y
1974.02,499.42,Y
1974.03,514.21,Y
1974.04,485.90,Y
1974.05,465.42,Y
1974.06,462.24,Y
1974.07,404.98,Y
1974.08,383.57,Y
1974.09,339.59,Y
1974.1,342.78,Y
1974.11,351.39,Y
1974.12,325.98,Y
1975.01,351.31,Y
1975.02,384.86,Y
1975.03,401.02,Y
1975.04,403.98,N
1975.05,427.21,N
1975.06,434.85,N
1975.07,430.46,N
1975.08,398.17,N
1975.09,391.17,N
1975.1,406.96,N
1975.11,410.85,N
1975.12,403.15,N
1976.01,439.44,N
1976.02,454.78,N
1976.03,456.22,N
1976.04,458.19,N
1976.05,451.82,N
1976.06,452.10,N
1976.07,460.32,N
1976.08,453.96,N
1976.09,462.02,N
1976.1,443.94,N
1976.11,440.13,N
1976.12,453.79,N
1977.01,447.58,N
1977.02,431.09,N
1977.03,426.49,N
1977.04,416.42,N
1977.05,413.14,N
1977.06,412.62,N
1977.07,414.35,N
1977.08,402.90,N
1977.09,395.34,N
1977.1,383.86,N
1977.11,384.20,N
1977.12,381.10,N
1978.01,364.25,N
1978.02,356.84,N
1978.03,353.39,N
1978.04,365.98,N
1978.05,380.96,N
1978.06,377.83,N
1978.07,373.15,N
1978.08,397.10,N
1978.09,394.12,N
1978.1,378.19,N
1978.11,354.46,N
1978.12,358.11,N
1979.01,368.26,N
1979.02,358.59,N
1979.03,361.75,N
1979.04,364.80,N
1979.05,351.85,N
1979.06,354.83,N
1979.07,354.39,N
1979.08,367.10,N
1979.09,367.22,N
1979.1,350.53,N
1979.11,344.64,N
1979.12,354.53,N
1980.01,359.57,Y
1980.02,368.63,Y
1980.03,329.72,Y
1980.04,320.76,Y
1980.05,332.12,Y
1980.06,349.55,Y
1980.07,365.41,Y
1980.08,373.99,N
1980.09,379.88,N
1980.1,387.30,N
1980.11,400.36,N
1980.12,390.21,N
1981.01,385.63,N
1981.02,368.48,N
1981.03,379.66,N
1981.04,380.50,N
1981.05,369.95,N
1981.06,368.35,N
1981.07,355.52,Y
1981.08,354.19,Y
1981.09,320.19,Y
1981.1,323.55,Y
1981.11,330.86,Y
1981.12,332.22,Y
1982.01,313.78,Y
1982.02,305.31,Y
1982.03,295.76,Y
1982.04,309.13,Y
1982.05,306.49,Y
1982.06,285.28,Y
1982.07,283.04,Y
1982.08,283.23,Y
1982.09,315.38,Y
1982.1,340.87,Y
1982.11,355.47,Y
1982.12,360.28,N
1983.01,372.19,N
1983.02,378.25,N
1983.03,391.39,N
1983.04,403.45,N
1983.05,417.28,N
1983.06,421.85,N
1983.07,421.68,N
1983.08,408.84,N
1983.09,418.83,N
1983.1,418.84,N
1983.11,411.78,N
1983.12,409.38,N
1984.01,411.92,N
1984.02,387.49,N
1984.03,386.98,N
1984.04,385.59,N
1984.05,382.04,N
1984.06,372.42,N
1984.07,366.14,N
1984.08,396.84,N
1984.09,399.04,N
1984.1,394.79,N
1984.11,398.38,N
1984.12,394.07,N
1985.01,410.30,N
1985.02,430.49,N
1985.03,425.32,N
1985.04,426.16,N
1985.05,434.68,N
1985.06,442.85,N
1985.07,450.45,N
1985.08,439.80,N
1985.09,428.80,N
1985.1,432.10,N
1985.11,457.06,N
1985.12,478.42,N
1986.01,479.18,N
1986.02,506.35,N
1986.03,538.58,N
1986.04,552.82,N
1986.05,552.45,N
1986.06,565.09,N
1986.07,553.34,N
1986.08,563.37,N
1986.09,545.48,N
1986.1,542.92,N
1986.11,560.02,N
1986.12,567.51,N
1987.01,600.00,N
1987.02,634.92,N
1987.03,658.19,N
1987.04,647.53,N
1987.05,644.79,N
1987.06,669.85,N
1987.07,687.37,N
1987.08,726.32,N
1987.09,699.06,N
1987.1,613.02,N
1987.11,535.54,N
1987.12,526.80,N
1988.01,546.14,N
1988.02,561.26,N
1988.03,575.31,N
1988.04,565.68,N
1988.05,549.80,N
1988.06,578.68,N
1988.07,572.83,N
1988.08,558.98,N
1988.09,564.30,N
1988.1,582.15,N
1988.11,568.25,N
1988.12,578.82,N
1989.01,594.49,N
1989.02,609.88,N
1989.03,603.71,N
1989.04,619.46,N
1989.05,639.59,N
1989.06,657.97,N
1989.07,673.01,N
1989.08,701.69,N
1989.09,700.85,N
1989.1,697.71,N
1989.11,681.62,N
1989.12,697.34,N
1990.01,673.14,N
1990.02,651.22,N
1990.03,663.38,N
1990.04,661.80,N
1990.05,683.83,N
1990.06,699.84,N
1990.07,696.46,Y
1990.08,633.98,Y
1990.09,599.57,Y
1990.1,580.31,Y
1990.11,594.41,Y
1990.12,619.79,Y
1991.01,609.99,Y
1991.02,677.90,Y
1991.03,695.61,Y
1991.04,708.39,N
1991.05,703.16,N
1991.06,701.65,N
1991.07,704.21,N
1991.08,719.08,N
1991.09,711.89,N
1991.1,710.27,N
1991.11,706.45,N
1991.12,710.67,N
1992.01,760.00,N
1992.02,750.86,N
1992.03,737.67,N
1992.04,736.70,N
1992.05,749.01,N
1992.06,734.57,N
1992.07,745.17,N
1992.08,748.21,N
1992.09,747.08,N
1992.1,733.80,N
1992.11,751.14,N
1992.12,774.42,N
1993.01,769.90,N
1993.02,778.61,N
1993.03,790.76,N
1993.04,776.16,N
1993.05,778.88,N
1993.06,782.71,N
1993.07,781.37,N
1993.08,791.12,N
1993.09,798.37,N
1993.1,803.15,N
1993.11,800.85,N
1993.12,806.15,N
1994.01,816.09,N
1994.02,810.88,N
1994.03,794.81,N
1994.04,765.36,N
1994.05,771.12,N
1994.06,775.21,N
1994.07,767.29,N
1994.08,785.94,N
1994.09,788.43,N
1994.1,782.59,N
1994.11,776.82,N
1994.12,767.01,N
1995.01,780.84,N
1995.02,805.60,N
1995.03,821.65,N
1995.04,843.45,N
1995.05,868.14,N
1995.06,892.14,N
1995.07,921.95,N
1995.08,922.41,N
1995.09,952.97,N
1995.1,956.68,N
1995.11,978.01,N
1995.12,1009.94,N
1996.01,1003.81,N
1996.02,1057.76,N
1996.03,1048.32,N
1996.04,1044.46,N
1996.05,1065.11,N
1996.06,1076.13,N
1996.07,1034.82,N
1996.08,1062.69,N
1996.09,1078.83,N
1996.1,1117.78,N
1996.11,1170.07,N
1996.12,1182.13,N
1997.01,1214.83,N
1997.02,1261.87,N
1997.03,1248.89,N
1997.04,1202.88,N
1997.05,1312.60,N
1997.06,1378.95,N
1997.07,1454.24,N
1997.08,1454.58,N
1997.09,1466.28,N
1997.1,1484.72,N
1997.11,1466.52,N
1997.12,1505.01,N
1998.01,1503.77,N
1998.02,1595.06,N
1998.03,1674.67,N
1998.04,1726.48,N
1998.05,1717.45,N
1998.06,1715.29,N
1998.07,1787.67,N
1998.08,1658.96,N
1998.09,1573.70,N
1998.1,1588.06,N
1998.11,1760.27,N
1998.12,1831.55,N
1999.01,1917.25,N
1999.02,1911.56,N
1999.03,1959.39,N
1999.04,2025.84,N
1999.05,2021.76,N
1999.06,2007.31,N
1999.07,2089.72,N
1999.08,2003.95,N
1999.09,1980.40,N
1999.1,1949.64,N
1999.11,2084.86,N
1999.12,2141.33,N
2000.01,2130.37,N
2000.02,2063.27,N
2000.03,2124.99,N
2000.04,2151.95,N
2000.05,2086.37,N
2000.06,2139.10,N
2000.07,2150.26,N
2000.08,2168.45,N
2000.09,2131.93,N
2000.1,2015.31,N
2000.11,1996.62,N
2000.12,1929.47,N
2001.01,1924.12,N
2001.02,1873.59,N
2001.03,1697.68,Y
2001.04,1696.66,Y
2001.05,1803.33,Y
2001.06,1755.43,Y
2001.07,1711.68,Y
2001.08,1674.80,Y
2001.09,1477.91,Y
2001.1,1528.25,Y
2001.11,1606.33,Y
2001.12,1634.46,N
2002.01,1624.05,N
2002.02,1561.56,N
2002.03,1627.77,N
2002.04,1559.99,N
2002.05,1514.14,N
2002.06,1421.83,N
2002.07,1265.58,N
2002.08,1273.89,N
2002.09,1209.43,N
2002.1,1189.09,N
2002.11,1266.03,N
2002.12,1253.84,N
2003.01,1243.68,N
2003.02,1153.15,N
2003.03,1159.41,N
2003.04,1221.50,N
2003.05,1286.63,N
2003.06,1356.69,N
2003.07,1361.44,N
2003.08,1352.17,N
2003.09,1388.52,N
2003.1,1416.33,N
2003.11,1435.44,N
2003.12,1479.07,N
2004.01,1542.54,N
2004.02,1548.95,N
2004.03,1512.94,N
2004.04,1520.70,N
2004.05,1471.06,N
2004.06,1506.27,N
2004.07,1472.82,N
2004.08,1449.53,N
2004.09,1484.63,N
2004.1,1476.26,N
2004.11,1543.80,N
2004.12,1589.61,N
2005.01,1562.73,N
2005.02,1577.73,N
2005.03,1559.31,N
2005.04,1509.40,N
2005.05,1528.92,N
2005.06,1559.22,N
2005.07,1577.85,N
2005.08,1572.42,N
2005.09,1555.53,N
2005.1,1509.40,N
2005.11,1579.59,N
2005.12,1617.67,N
2006.01,1626.63,N
2006.02,1620.72,N
2006.03,1633.37,N
2006.04,1630.14,N
2006.05,1606.94,N
2006.06,1557.98,N
2006.07,1562.15,N
2006.08,1592.37,N
2006.09,1638.25,N
2006.1,1704.23,N
2006.11,1738.39,N
2006.12,1770.53,N
2007.01,1774.79,N
2007.02,1790.93,N
2007.03,1728.27,N
2007.04,1786.31,N
2007.05,1833.08,N
2007.06,1833.22,N
2007.07,1841.59,N
2007.08,1764.79,N
2007.09,1811.36,N
2007.1,1858.85,N
2007.11,1756.34,N
2007.12,1776.53,Y
2008.01,1647.69,Y
2008.02,1614.45,Y
2008.03,1555.77,Y
2008.04,1609.24,Y
2008.05,1633.94,Y
2008.06,1546.20,Y
2008.07,1441.88,Y
2008.08,1475.46,Y
2008.09,1403.11,Y
2008.1,1128.40,Y
2008.11,1048.59,Y
2008.12,1052.98,Y
2009.01,1034.10,Y
2009.02,957.24,Y
2009.03,897.88,Y
2009.04,1003.31,Y
2009.05,1064.43,Y
2009.06,1083.09,Y
2009.07,1096.17,N
2009.08,1180.10,N
2009.09,1220.03,N
2009.1,1245.82,N
2009.11,1268.74,N
2009.12,1297.04,N
2010.01,1307.99,N
2010.02,1267.60,N
2010.03,1335.31,N
2010.04,1385.38,N
2010.05,1300.76,N
2010.06,1253.77,N
2010.07,1249.39,N
2010.08,1256.31,N
2010.09,1295.77,N
2010.1,1351.25,N
2010.11,1382.16,N
2010.12,1428.86,N
2011.01,1469.16,N
2011.02,1505.83,N
2011.03,1472.52,N
2011.04,1493.40,N
2011.05,1494.00,N
2011.06,1438.58,N
2011.07,1479.63,N
2011.08,1319.81,N
2011.09,1305.10,N
2011.1,1344.94,N
2011.11,1367.48,N
2011.12,1389.75,N
2012.01,1447.39,N
2012.02,1498.56,N
2012.03,1527.68,N
2012.04,1520.00,N
2012.05,1472.21,N
2012.06,1454.82,N
2012.07,1497.16,N
2012.08,1536.69,N
2012.09,1573.44,N
2012.1,1567.94,N
2012.11,1527.95,N
2012.12,1562.60,N
2013.01,1621.64,N
2013.02,1643.14,N
2013.03,1680.60,N
2013.04,1703.90,N
2013.05,1775.75,N
2013.06,1748.73,N
2013.07,1801.94,N
2013.08,1801.30,N
2013.09,1817.60,N
2013.1,1857.79,N
2013.11,1930.33,N
2013.12,1956.73,N
2014.01,1965.20,N
2014.02,1952.25,N
2014.03,1989.37,N
2014.04,1983.62,N
2014.05,2003.77,N
2014.06,2060.71,N
2014.07,2089.05,N
2014.08,2080.28,N
2014.09,2112.31,N
2014.1,2058.17,N
2014.11,2183.96,N
2014.12,2206.84,N
2015.01,2189.11,N
2015.02,2237.70,N
2015.03,2222.10,N
2015.04,2233.44,N
2015.05,2240.23,N
2015.06,2219.04,N
2015.07,2213.45,N
2015.08,2159.15,N
2015.09,2061.31,N
2015.1,2147.51,N
2015.11,2211.37,N
2015.12,2190.65,N
2016.01,2042.79,N
2016.02,2026.02,N
2016.03,2141.83,N
2016.04,2188.23,N
2016.05,2168.92,N
2016.06,2181.01,N
2016.07,2252.70,N
2016.08,2273.72,N
2016.09,2254.42,N
2016.1,2236.30,N
2016.11,2262.75,N
2016.12,2347.31,N
2017.01,2363.30,N
2017.02,2412.62,N
2017.03,2448.85,N
2017.04,2433.86,N
2017.05,2468.93,N
2017.06,2506.49,N
2017.07,2528.94,N
2017.08,2523.57,N
2017.09,2547.70,N
2017.1,2614.93,N
2017.11,2652.30,N
2017.12,2726.24,N
2018.01,2839.14,N
2018.02,2740.58,N
2018.03,2731.98,N
2018.04,2671.69,N
2018.05,2708.61,N
2018.06,2757.21,N
2018.07,2796.36,N
2018.08,2859.01,N
2018.09,2901.90,N
2018.1,2785.68,N
